query,category,kmeans_score
买药发票怎么报销？,拒识,1.0000000000000009
我的账户里还有多少钱？,资产查询,1.0000000000000002
我有哪些持仓？,查持仓,0.9999999999999999
理赔比例,拒识,1.0000000000000002
修改收获地址,拒识,1.0000000000000002
